30.41367575,30.01972975,27.66893742,22.87947257,18.39010303,15.05961207,12.89976548,11.89166722,11.67909498,11.87930122,12.37178057,12.07408182,10.69082372,9.923939856,9.341668723,8.332327841,7.854970145,7.229511961,6.802240083,5.925687403,4.505887956,4.02077001,3.540193759,3.461192568,3.223328392,2.754155129,2.836386994,3.191223824,2.375576499,1.990190613,2.800365293,2.920656893,2.696832095,2.134931738,1.723022935,2.252186098,2.525230033,3.20985499,3.494481911,3.799876075,5.094693332,5.812940915,5.289019401,4.953070348,5.420997198,5.338070418,5.435935972,5.887339635,6.037888449,6.780369155,8.011135383,9.171320527,10.48128891,12.18083053,14.06348619,15.66455625,16.83550144,17.8970386,19.09915287,20.37272417,21.4811038
21.74929294,20.64612833,18.99626039,17.11715674,15.30116716,13.76311813,12.65284243,12.10625123,12.05515378,11.9651294,11.5825602,11.14163392,10.22925873,9.037893959,8.093663303,7.231014897,6.695480787,6.324060718,5.996894163,4.868616265,3.569732947,3.12027534,2.512106737,2.357656098,2.183176507,2.016751157,2.236986059,2.565901732,1.872071528,1.715601342,2.643415548,2.944987241,2.766673176,2.503356599,2.266867141,2.756054017,3.028068733,3.973744471,4.412940219,4.96820834,6.35124439,6.949513122,7.053315808,6.996251424,6.736322858,6.768739955,6.699443455,6.672139714,6.361295663,6.343572279,7.971587456,9.691349705,10.39575241,11.97411439,14.32249455,16.07089507,17.40125802,19.1505731,21.1014091,22.59022728,23.3513805
21.85465562,20.54024613,18.66918538,16.64380799,14.78384822,13.25003395,12.13893724,11.643467,11.99935476,12.68789682,12.16978419,10.98336559,9.824489449,8.465448803,7.874217359,7.709984943,6.832140265,6.357782995,5.813705857,4.341281288,2.955715364,2.443356032,2.045054325,1.725455855,1.407790188,1.400306113,1.745877213,1.975024733,1.424691821,1.479357536,2.509365957,2.990242789,2.856328948,2.892636226,2.883033789,3.300432374,3.473582753,4.588040603,5.243771543,5.951897857,7.231129686,7.536674405,8.04923152,8.182077585,8.104089087,8.717488214,7.660462496,7.162927188,6.888383244,6.495010434,7.478449034,8.4365555,8.919839805,10.03143324,11.54270601,13.33729751,15.61355594,17.78500323,18.9261033,19.34074925,19.59587499
19.85157338,19.25108451,18.36172344,17.24243502,15.88232009,14.41201238,13.52181467,13.82127556,14.53245226,13.97878256,13.23240098,12.40735573,10.84969174,9.762417976,9.209317034,8.453842357,6.865403013,6.246326581,6.247640452,4.680364566,2.909992776,2.155727307,1.990001003,1.455075553,0.887440393,0.924413338,1.362849988,1.436987443,1.037898618,1.280506316,2.398188679,3.056185732,2.968621041,3.291711849,3.545344509,3.843598914,3.819195611,4.831393433,5.656136232,6.298775619,7.354324172,7.809782832,8.147896669,7.819001639,7.666974692,7.699281159,7.072170639,7.080573249,7.197022319,7.11092542,7.057281998,7.344274358,7.764955456,8.233591275,9.749870639,12.65405245,15.77531218,16.99728403,17.17031833,17.51977416,17.96651017
25.06425024,23.39509329,21.09073396,18.67260622,16.49983229,14.8846766,14.16502426,14.61171802,15.72213362,15.56943779,14.42194607,13.77956099,13.04812919,11.4689761,9.815795017,8.725666983,7.638502881,6.909269798,7.410266152,5.708960792,3.484893597,2.366740569,2.156791402,1.433233894,0.608276921,0.612177596,1.084172812,0.969356878,0.715646853,1.117996423,2.309960122,3.142683981,3.106089967,3.691060159,4.205888856,4.300084275,4.028011574,4.536982816,5.141076735,5.693875409,6.61049692,7.011158283,7.152450464,7.22124749,7.315902177,6.831320953,6.754310067,7.420077035,8.422409269,8.426100836,7.733139029,8.002851961,8.69707499,9.470794981,11.06349734,12.98617307,14.54576314,16.104912,17.88701831,19.5586008,20.7182646
22.45057389,21.24095239,19.51456236,17.64797419,16.03660018,14.96026623,14.60419791,14.45104467,13.7610465,13.94966569,15.02923652,14.38814574,12.73274614,11.2331644,9.564621612,9.001392475,9.433740522,8.931199215,8.764300402,6.727996745,4.448671972,3.048160312,2.459198646,1.590362116,0.563524522,0.488029153,0.906822515,0.58608358,0.460600144,0.99086241,2.244858846,3.249698042,3.271032732,4.083481375,4.800001531,4.555551671,4.055021396,3.826832358,3.978096577,4.607215976,5.410341908,5.317171348,5.289469974,5.977912952,6.749999349,7.15150161,7.661348563,8.290389053,9.663269961,9.99524024,9.499116466,9.879641978,10.72344606,11.74279843,13.55362167,15.84093166,17.67672125,19.15704599,20.85454096,22.8514127,24.71779922
21.98971889,20.9723067,19.51072378,17.94963317,16.63510934,15.68114178,15.00210982,14.65633974,13.99170294,12.94029394,12.57512343,12.27941279,11.42307341,10.50639787,9.653478726,9.438131829,9.626457805,10.18638747,9.344657868,7.201311965,5.433985724,4.102027591,2.926191469,1.88829104,0.75237831,0.567853554,0.827688357,0.296259026,0.27385005,0.898019289,2.203165846,3.377270744,3.465957387,4.465699759,5.260116818,4.53096322,3.874734921,3.03775055,2.885178315,3.658347956,4.334022699,4.066147807,4.187266328,5.049670693,5.961548978,7.447957813,8.836348456,9.333154858,11.35243757,14.47136537,15.78050964,15.57570379,15.78065012,16.47760355,18.41423428,21.19245484,22.26736398,22.57400636,23.6305163,25.36966454,26.99237326
21.13371091,20.06032195,18.55559432,17.00661957,15.76445466,14.88033504,13.90602212,12.90968331,12.83403893,12.95572451,12.19106956,12.04609309,11.86525866,10.94036141,10.79527492,11.04512742,9.795510975,9.782562119,9.236605962,7.317931767,6.311709742,5.380752185,3.549420199,2.292433845,1.171472506,0.845699847,0.837868516,0.103146632,0.155323778,0.838301831,2.185267118,3.5255203,3.692773154,4.83749389,5.545278822,4.258658478,3.531221862,2.426266296,2.203735554,2.949119269,3.536977824,3.658226842,4.13034369,5.224696893,6.59290939,8.968762426,11.35711018,12.39360606,16.01804218,20.21662339,20.04175101,21.7728028,22.56282592,22.66362295,21.31321953,20.29085599,20.54763323,21.47802589,22.39654071,23.29730792,24.02151353
22.86120788,21.46842434,19.49958259,17.41998462,15.79573139,15.05007466,14.97996843,14.41832369,13.4433733,13.40724337,13.29917659,12.39081612,11.44769475,10.51458341,10.55999568,11.36706079,10.54975677,9.366737145,9.001007913,7.609505806,7.331000677,6.602930276,4.184103072,2.788145791,1.798769238,1.282331797,0.919274124,0.005876525,0.103685552,0.810707407,2.191658534,3.6946373,3.95132158,5.200829058,5.653488723,3.857029042,3.127352049,2.078318867,1.987473159,2.42498165,2.926708007,3.759051549,4.634271601,5.862345436,8.01150526,11.5240177,14.92434958,16.05861941,15.11555143,15.71493525,17.66554752,17.57368285,16.16669247,16.63429475,17.23529463,16.04902284,15.74132258,16.97303512,19.2251732,21.75894594,23.7313126
24.32428297,24.12156263,23.45211997,21.7033276,18.97499925,16.69006097,15.79571451,15.75456118,15.0793095,14.43016337,14.32512374,13.20228313,11.4410794,10.35601819,10.68208871,11.19371649,10.40498076,8.621786159,8.611177359,8.173555866,8.309551974,7.238977434,4.704218663,3.384194522,2.569825432,1.801387728,1.049131321,0,0.116945562,0.814586511,2.222953133,3.884886254,4.240894753,5.557789234,5.613518071,3.43454479,2.754542273,1.944177919,2.135858278,2.210433245,2.694853991,4.190595724,5.791206138,7.391337679,9.70973315,12.70169175,15.42094915,14.63677509,12.80944707,14.05290118,15.69978885,14.51633224,13.10911699,13.76882933,15.69711875,17.33947937,18.93834881,21.66987656,25.68520781,28.32645099,28.81653862
23.19858825,22.53242825,21.79155947,21.33119429,21.10056566,20.20360634,19.05692244,19.02092831,18.76269724,18.12147902,17.62428643,16.01404898,12.92413107,11.11074305,12.12436234,11.84123158,9.661838509,8.122289085,8.225107174,8.554282856,8.360325468,7.023498813,5.129574494,4.053683991,3.375001853,2.303682859,1.20887816,0.081683404,0.192999506,0.849434457,2.279891102,4.096614424,4.560452537,5.907307317,5.470065785,3.039380219,2.446461826,1.902831837,2.436167807,2.400971002,3.127898561,5.146429461,8.028119108,11.11255539,13.10682469,12.64655438,13.02915451,12.68309989,13.100741,15.45217107,15.73237308,14.5893692,14.95175962,16.61361806,19.48459022,23.11133516,27.0247383,31.10333039,30.20354891,27.24809603,25.59503522
28.86799283,28.16262083,26.35545766,24.24036433,23.52047431,24.57334669,26.03568689,25.75415416,25.35977792,24.894936,23.57877154,18.29129233,14.90224599,12.7340932,12.96676197,11.53696526,8.962794233,8.610655175,8.519047427,8.027187522,7.521503838,6.459339602,5.529502887,4.724995028,4.100878068,2.708670873,1.39542448,0.248578352,0.329739836,0.914929306,2.363352835,4.330272698,4.907536939,6.245156529,5.268556507,2.689656324,2.211080208,1.871317728,2.690720838,2.922623358,4.195609946,6.488757504,10.44537693,15.27035533,14.74119295,12.22410149,11.86134515,12.36093591,15.05926644,20.58962418,21.35184721,21.04901768,20.3275456,20.45039098,18.40277738,16.02466057,16.05778582,17.96232912,20.83116915,23.86480397,26.39800167
21.00891909,20.35544651,19.56021042,19.19120957,19.99106658,22.76460338,24.79751333,22.66217717,23.72055635,24.84103754,28.85610226,21.91945422,18.00773062,16.34650446,14.60452178,12.28972869,9.506902628,9.487635738,8.481745103,7.005318592,6.621929747,6.300309382,5.916083703,5.348836504,4.651653877,3.006764701,1.625516037,0.50191405,0.52525791,1.011013914,2.474375682,4.586436504,5.277661087,6.566282155,5.060278567,2.4126345,2.069970548,1.87884403,2.920572617,3.713938129,5.63890956,8.030372724,12.81928841,16.71779257,17.17462801,15.0218271,14.62464262,15.57657441,19.30454271,21.69705523,21.21112245,19.39600461,16.25198892,15.0097972,13.98618861,13.35738875,14.26328842,16.28758453,18.64814182,20.87892378,22.71444853
18.04590265,17.39233305,16.51730039,15.79080865,15.71476114,16.61364242,18.0225099,19.75377251,23.80675877,27.26627108,28.36557023,23.70440108,19.00200493,18.74327721,17.25178271,15.17513825,11.19406653,9.717880603,7.876278771,6.637103488,6.776234317,6.761806329,6.269621887,5.882180116,4.936233043,3.263435942,1.929640584,0.846160236,0.777615107,1.137979144,2.61417521,4.865829453,5.665638779,6.864456639,4.881818108,2.231087066,2.041769274,2.002056086,3.3315452,4.90498994,7.442268003,10.11321042,15.72185655,15.85444,17.23159801,17.54535083,18.26778429,20.30900653,21.57756295,17.65896639,18.53733144,17.62214705,15.32679762,14.68471668,14.25920759,14.41879877,15.80199065,17.42086126,18.87227924,20.30725543,21.67446107
19.43497828,18.5525785,17.23949509,15.8814794,14.96617055,14.76847129,15.27406934,16.73091969,20.53859343,27.89479656,29.87611322,23.73972627,22.33130011,26.35228425,20.56562749,17.55425821,13.72377742,10.60844948,8.108809859,7.404045541,7.687395241,7.45265384,6.698009253,6.150579461,4.976781837,3.554050803,2.334825083,1.285965573,1.08427927,1.296379734,2.784171019,5.169354062,6.065893851,7.137117257,4.753155728,2.148785376,2.110798298,2.253312517,3.994854511,6.56942524,9.837491293,13.32082792,15.09761105,14.52615856,16.9420062,19.29094951,23.16963205,28.45652163,20.16099921,15.63663553,15.17310754,14.11362759,13.14265163,13.25178657,13.58169844,14.85520987,17.523599,19.94225846,21.13301656,21.92410686,22.72967295
19.49412755,18.5344989,17.2582378,16.17630181,15.86530384,16.55082869,17.06968006,16.72562976,18.81522174,23.57016207,24.94250328,23.42318028,22.48299777,24.77037046,21.85061253,18.69803292,15.83349723,12.10180075,9.421044927,9.021113723,8.485327201,7.796674471,6.206123615,5.827482604,4.929320504,3.89130935,2.85235746,1.822484307,1.441389061,1.487140072,2.986018296,5.498131002,6.472483751,7.386665711,4.682290737,2.152173097,2.23471128,2.562728266,4.728642413,8.348218517,12.66698236,18.06621275,13.46737817,13.85691263,16.52565579,18.63056579,23.22341857,21.89866994,16.35107135,13.22087277,13.33964875,13.46050253,13.8761899,14.76902714,15.48141637,17.46319573,21.71685559,26.30395996,27.18729656,27.1114138,27.57095471
20.84861125,19.84120115,18.57976508,17.63951435,17.73162707,19.33633669,19.99028123,18.26693777,18.1854999,19.19706381,18.88311011,19.5718484,19.81288849,17.67695143,17.66194398,19.42403978,17.44326632,13.17824137,10.97298754,10.94435745,8.879232713,7.439172996,5.802370283,5.606230135,4.890867575,4.235216254,3.473791567,2.448832257,1.842326888,1.711570934,3.221655122,5.853548692,6.87914051,7.614820403,4.671287298,2.224445266,2.377954366,2.875494835,5.36755711,9.820650183,15.05405334,14.57037632,13.15619714,15.64990648,18.56581458,19.01638618,20.16541844,16.68225366,14.48068198,13.79206372,14.19456282,14.2180011,15.48834006,17.88680676,19.72801876,22.5059489,29.06224344,36.57013126,33.6863735,33.06287571,33.36102963
27.35741487,26.95384051,26.07962191,24.91391489,24.16067035,24.25058636,22.75928789,19.56720916,17.25195174,16.28189744,16.37263048,18.37317438,19.04713538,15.45030844,14.50264644,18.04886151,18.67509938,16.51044139,13.9908784,12.63983052,8.819510545,7.484189617,6.027095275,5.739064158,4.941511219,4.574778369,4.176153548,3.142000473,2.27785627,1.971341331,3.493359802,6.23732574,7.27982423,7.822818734,4.721401859,2.351542934,2.543156434,3.259768886,6.047596196,11.2199318,14.41061077,12.17196562,13.93023121,22.07909422,25.8227573,24.578145,16.50008545,14.00474356,13.68532241,15.90599632,16.74060822,15.81426182,17.31285871,21.35787683,25.17932516,28.58499238,35.05628467,36.24421261,33.05335247,32.001815,32.7010567
25.28347882,25.16283136,25.0260138,24.88922158,25.11219883,25.73399903,23.60074304,20.31004463,16.66284926,14.55142659,14.34662533,16.48823477,16.96789833,13.77234447,13.67481225,18.77322746,22.15894638,20.90566169,17.21833568,12.71632167,8.3836161,7.714664646,6.402033154,6.047628077,5.265451851,4.987559209,4.929618978,3.862145454,2.737800024,2.268480179,3.803821851,6.65158969,7.669755332,8.012859185,4.830123963,2.527283734,2.765839889,3.851320508,7.02425897,12.85628377,13.02766867,10.97646576,13.31931242,18.89302691,23.97198367,19.2394084,14.23856013,13.43581918,14.48363138,17.26636168,19.35141995,19.05152598,21.31112488,26.32014102,28.24531555,33.83467929,30.82159422,26.00449289,23.89832717,23.21082161,23.14419895
22.58123009,22.35240085,22.15828545,22.02362876,21.60730594,20.67932513,18.74975349,16.17473659,13.80341603,13.09881017,13.81169011,15.07801481,14.23979317,12.62701918,14.69391541,21.35217668,18.11860604,18.45819608,16.15319572,12.0222613,8.325600686,8.053381163,6.744316979,6.611482188,6.077044721,5.599898057,5.709878291,4.556946547,3.211055898,2.605552263,4.15623612,7.098977007,8.046632665,8.192211674,4.989328873,2.752025046,3.073471964,4.695782132,8.324741046,14.09038292,11.83542624,10.54564767,13.17132963,16.55204009,19.97479561,16.89813386,14.022746,12.92563492,13.87345857,18.05430818,23.35372887,24.2386403,25.64378047,26.94586222,29.30135248,39.26845632,31.18048316,25.49180842,23.97817997,23.94366969,24.41466918
19.99994823,20.25820565,20.71826163,20.75222517,19.30223589,17.17852142,16.14728781,15.9125558,14.99484511,14.04370772,14.16222289,14.75682305,14.5767439,13.89861051,15.28137056,18.11473307,15.65268334,16.86416986,14.57123771,12.7798901,9.643367517,9.085509944,7.456882192,7.355828083,7.447229705,6.501480569,6.504595268,5.18095438,3.689179552,2.985826125,4.554430426,7.582761566,8.411437309,8.376983127,5.18953809,3.028207127,3.460651046,5.684158477,9.641332568,13.67020669,10.98067038,10.91052413,14.06093133,16.14433155,20.04653343,16.97930839,15.49717221,14.09076909,14.49538953,18.85544694,25.92621447,25.40628909,23.93092988,27.662384,33.08132118,32.99329449,34.03694276,31.66523799,29.95744988,29.24490371,29.19689439
20.19079582,19.62460828,18.74877358,17.62278052,16.4569019,15.76815741,15.94255119,16.24983085,15.64530106,14.7699044,13.94458799,13.65053926,14.16470777,13.60199351,13.89384639,14.7868211,14.19511639,17.1866666,15.43842521,15.85071304,12.57371431,11.01526425,8.425984235,7.723852879,8.827653026,7.660190925,7.298177167,5.721407199,4.169883196,3.413460662,5.003036508,8.107022559,8.769101841,8.595156416,5.430768595,3.358586621,3.909488853,6.637626383,10.72280721,12.48367716,11.2280182,12.12430284,15.11733307,16.13402612,18.83172471,17.03761643,17.24262647,17.91430208,19.16478641,22.6328434,28.02592959,26.78087686,24.54409929,27.20091162,24.0219321,22.23238786,22.74402011,24.92456889,26.93490945,28.36188456,29.49802877
21.58862487,20.73252459,19.45217492,18.01963303,16.82474383,16.10204855,15.38248539,14.16067399,13.55764513,14.26807337,14.68051704,14.59141875,15.52057452,13.5729884,12.73988777,13.92138002,15.0597265,20.61431416,17.2068071,18.77637116,16.2034218,12.35077619,8.998406402,8.035261962,8.860403902,9.007813585,8.067307716,6.198081027,4.656594162,3.893826015,5.507724846,8.676885981,9.128902331,8.88535765,5.727398175,3.750883888,4.423651908,7.488581789,11.95721253,12.49883117,12.49892368,13.39918323,16.53792124,17.19617876,16.93114665,16.1120642,17.09835765,19.73615562,23.46922699,26.41833486,29.33337971,27.09073396,23.68393789,20.84452725,19.94010597,20.3380296,21.46704722,23.43689391,25.95637672,28.21683921,29.41915288
26.12514887,24.01772119,21.49325659,19.47811235,18.24669251,17.80947525,17.42383301,16.33728062,15.458382,15.51791497,15.13720399,15.14677318,16.31420453,13.90856866,13.29330202,14.47768094,15.71948676,21.07385317,18.19109417,19.90110726,18.44783387,12.24919157,9.103615817,8.64016479,9.057578263,10.17108954,8.774991501,6.651240443,5.159677121,4.433942234,6.075534025,9.298871665,9.50418764,9.290577635,6.109611183,4.220685061,5.044476293,8.36796416,13.46553125,13.67891143,13.98754596,15.62001523,19.98590329,18.55871648,16.23332251,16.87688295,18.89165743,21.59392853,25.22757113,24.2252474,25.56554433,26.50054947,22.82056664,23.33010736,24.08561908,22.711333,21.85081149,21.98347401,22.74258034,23.72938994,24.61112361
28.45610268,27.42075019,25.66226022,23.47817696,21.36830089,19.84129646,19.08109998,18.58753311,18.10261453,18.53120946,17.54117822,15.83221484,15.58870206,14.14783031,15.34016303,16.1562729,15.66829719,18.87074357,19.96160991,22.3157192,18.86664149,12.47156891,9.246980136,9.359191639,9.69827942,10.65151689,9.416999411,7.126234415,5.695588045,5.042721396,6.715343868,9.981289915,9.912138248,9.852011882,6.614175489,4.792602128,5.828183524,9.468147264,14.81268967,15.15770331,16.14270296,20.08556668,22.45992385,18.76498872,16.11589527,17.52878336,21.22008226,23.1121202,23.47443183,29.80902457,25.46895454,25.86339711,25.16595454,25.051664,23.55211636,22.28334905,22.96392755,24.67279012,25.94867726,26.17097709,25.9726734
29.47282226,27.91964674,25.73917631,23.52400844,21.72938171,20.63023585,20.01853114,18.76534787,17.01315837,16.62426922,17.78009124,17.31871139,15.57428093,15.45840941,17.08500463,16.39922515,14.93481622,17.75427466,24.3424193,23.82980725,19.63435675,13.53697126,9.743465824,10.02454115,10.67018679,10.91439358,10.04499721,7.670392472,6.285748171,5.731455893,7.438574445,10.73483862,10.37257481,10.61335328,7.2768338,5.490678959,6.798801163,10.86124734,16.35484402,17.41834153,19.2340033,23.7379455,22.20471499,18.52953433,16.49996157,16.89157539,21.67420282,23.89185345,26.57494871,21.99202285,20.60514097,22.79142712,25.44316116,25.0930018,24.20101607,22.9437344,22.43941705,22.7257917,23.30514047,23.86588147,24.34348774
31.37832595,31.70538759,31.83741065,30.60273816,28.01844385,25.83330982,24.90035284,23.94996538,20.86682579,18.40520351,19.07543544,20.88116649,18.74531014,18.69202175,17.63456116,15.80950436,14.53197446,16.62728254,22.06612013,25.771983,20.0944706,14.77164176,10.7613767,10.88495266,12.03602026,11.4643887,10.77933919,8.338011771,6.956273925,6.515436665,8.260253634,11.57353204,10.9074208,11.61722,8.127496707,6.328107739,7.904100776,12.4082986,17.65584463,21.1403823,21.27689831,24.12215988,21.36643074,19.69148914,17.59518736,18.69439206,24.18898578,29.08994577,30.0963188,25.32293315,22.95410031,24.12064764,25.92325276,23.28873104,22.61867661,24.42945804,25.84546026,25.44098514,25.1396936,25.43587064,25.96324718
29.46942303,29.96804896,30.96305346,32.38432412,32.88877472,32.03911672,32.26491175,27.33242878,22.94038762,20.5567931,21.52849456,24.80575447,22.26767332,20.73379118,18.16552508,17.26960725,16.34813411,17.05457468,19.72837112,23.51961148,19.92020482,14.85382947,12.33079671,12.412182,13.90145298,12.65777507,11.79859985,9.194024169,7.739104118,7.415860122,9.20071365,12.51617234,11.5426449,12.91754902,9.192780965,7.302919163,8.998686545,13.71890505,17.28335891,21.47259922,19.47264703,20.71505671,20.95791967,21.04609539,19.57280114,21.66667798,25.55066296,24.06001325,33.61349936,32.51233023,29.27987706,25.96400249,25.89220395,26.06363524,24.15866497,23.33846745,23.36370999,23.78659997,24.65337087,25.84218022,27.03137708
29.56440248,30.28540918,31.74899179,34.47012435,37.05451179,31.16006425,26.2580128,22.81014791,20.86720791,20.77745878,23.02753607,24.17982478,22.0799121,19.6634826,19.30262397,18.96799526,18.32046665,19.86531913,19.2937093,20.34174551,20.07722292,14.90533634,14.1619317,14.92001423,16.24662439,14.8730051,13.33414975,10.31767697,8.672344386,8.461972865,10.28842082,13.58877784,12.30974712,14.58958371,10.49781489,8.399424701,9.883780324,14.31913921,15.97444058,19.71346398,16.74541293,17.35728242,19.76325351,20.80473269,21.26272228,27.19196349,25.57505801,21.9592728,31.23709835,32.66875382,36.08713222,31.25311366,27.04732501,25.97773369,27.65355241,27.62043799,26.41884185,25.98247847,25.71377301,25.52525205,25.48384472
30.50573296,30.3346381,30.36920369,31.32274287,34.89857722,34.34587924,28.30159867,25.06094631,24.00586946,23.10083903,22.53259126,25.62037664,27.74005762,23.6379931,24.0887396,20.28742715,19.79533805,20.97967721,20.72697435,20.88362117,21.74065248,17.37310135,16.30354279,18.12967346,19.1064129,18.7349778,15.7001467,11.80122511,9.806479682,9.695602392,11.5649884,14.82882029,13.24544889,16.75442074,12.0683517,9.594548224,10.41644066,14.0800355,14.93631712,18.54536365,14.97717649,16.49118925,18.06915428,20.49492798,22.38936264,24.52717049,23.11089273,23.0794386,29.32075457,34.0341909,27.60463833,25.26189681,26.15162055,28.21981006,33.04463599,31.12689454,27.63409176,27.23112953,28.15125856,29.59876462,30.87577515
28.16680235,28.48895557,29.43617866,31.41583023,32.28005657,29.60953341,27.11409123,26.44077328,24.99645977,22.40851669,22.09634341,26.03297333,37.72016243,28.91438122,36.75293286,26.33854977,23.00322384,20.90994198,22.86351368,26.31991732,27.4358425,23.41355835,19.59192242,21.08454068,23.05741632,26.33921016,19.47195646,13.76629537,11.21035158,11.18186842,13.09476794,16.2931625,14.39973688,19.65565297,13.93262315,10.86301888,10.61368082,13.22299766,13.83968791,16.15617977,14.16057822,16.85205314,17.70943518,21.42435828,23.72618268,22.77728639,23.98925985,29.47347449,31.5284817,31.17349601,35.5804769,35.44432041,35.8793565,35.75931775,36.12613035,41.12400894,42.93716686,43.17603753,43.50220981,40.91176379,38.28968734
25.79651636,26.2323821,27.30199414,29.72388971,36.38518916,45.51302706,34.38505068,28.56208364,25.21735324,22.97867472,23.26994188,30.84865197,46.18650932,44.83431104,35.06249409,34.44473486,29.81386989,21.5193185,24.12451996,30.54903039,31.24843311,29.68801068,24.91787426,23.96474663,30.58338932,39.31047933,26.47044263,16.38675278,12.99298068,13.02996838,14.9851797,18.07440564,15.84845281,23.88977224,16.12527576,12.17798402,10.63903338,12.06865978,12.69836312,14.63455215,14.7180995,18.13839197,18.62781882,20.12393679,24.01389651,24.99506378,32.02299447,38.88446145,34.0478188,36.10621355,35.37538714,34.14988573,45.66076663,38.79310862,30.56829019,29.8070121,33.58472276,47.08941832,41.80223649,33.03932805,30.21239236
37.0525793,36.55827765,36.26533284,37.60614651,45.54764767,54.01417685,35.69467964,29.55992444,27.82474845,27.55071511,26.68352494,29.59732442,37.00010945,45.77674006,36.97018232,30.52664667,26.03924478,23.97599811,28.21927711,28.2542633,26.87686255,41.57069307,33.78627313,28.86671838,37.69572708,24.6610662,44.1700077,20.01189652,15.34998351,15.44190815,17.43646227,20.33951535,17.71346502,31.79030042,18.75358182,13.51308474,10.69218419,10.98911956,12.22310074,15.22969985,17.51769084,21.00381535,18.30636586,20.81398263,23.60525279,23.61647526,37.93319546,41.14383031,46.97808046,36.10085677,30.22304755,29.79889163,34.90717716,39.422981,43.44738608,62.75047377,51.23714208,38.07918539,35.18636868,35.15791693,36.03499461
40.54967748,38.27459047,35.59763368,33.11201792,31.06161865,29.33006768,27.62866354,26.32973095,25.50695616,24.87540925,26.32650607,35.5405517,32.12595415,35.37078951,36.50698935,28.60522775,28.00161292,31.24960223,49.99197397,30.61986285,28.03080503,45.9806936,43.03927666,51.84746552,24.85677597,19.3013145,26.16747679,25.66260417,18.7108407,18.86549103,20.89393236,23.43924102,20.21956066,39.91781523,22.14828491,14.85353278,10.91213738,10.30172944,12.81497521,18.09202374,23.04429538,24.31035794,18.49905727,22.23040299,22.5053218,25.81489468,39.25167126,84.50316039,39.20733499,31.89917179,39.42687786,71.04462687,52.97995205,56.05379393,35.65304523,44.51812398,30.34707317,27.46559904,27.06553289,27.64619525,28.47796453
36.64579983,35.41192456,33.72490084,32.2306842,31.47112092,31.20802717,30.1661756,28.19456114,26.68560682,26.3983262,31.4767301,35.72205481,49.19904976,31.67278123,30.2204975,51.1075443,38.57795762,32.69131092,33.58180188,58.38967565,36.22163151,55.28668984,29.14631487,25.07656055,19.84744441,16.43717755,21.99322434,41.36721197,24.40678663,24.70387677,26.74904497,28.34449595,23.88031722,27.18507108,27.47558386,16.22264179,11.3405307,10.17461691,14.36927881,22.74508704,28.98707986,26.00225482,20.95462823,24.06801854,28.00841251,33.00082001,26.14397096,31.60006196,33.22999865,34.01173832,36.84551565,68.0189805,46.25602774,42.49044538,32.558225,48.09452662,29.8187332,27.88115708,28.81545082,30.92013152,33.19818509
30.44533282,30.38850121,30.50087168,31.09851799,32.41441831,33.79850777,33.39967355,33.42398487,39.98719678,47.50337656,53.73339054,40.37794604,34.24631438,29.61345095,31.42582616,44.36882955,32.90073459,30.48827699,39.50015305,30.85484011,49.1033509,55.0834968,23.85892509,18.75696861,16.57689333,15.02242573,19.8511076,29.90117183,48.25499791,54.13439882,54.97750455,40.83980861,30.4275136,22.43018819,43.9822903,17.71935261,11.9398262,10.63572416,16.38598467,27.53656989,29.87312288,26.01145459,24.27874896,35.02704114,44.89897868,33.55753299,27.03959922,29.73795333,31.33762591,33.14357898,36.48557969,33.93331242,42.77143773,62.58719024,36.90796176,37.87450083,67.49515633,39.08580275,34.29605359,32.47580574,31.85869762
31.4847464,30.19264607,28.8286843,28.06484462,28.3905354,30.20670583,32.7885444,33.36426739,39.40077733,46.3777121,54.17257036,43.7721301,33.93488953,38.62740466,34.68163805,30.40710922,39.68296572,45.39188605,51.23011628,34.82147957,36.83528681,47.50759715,21.36548234,15.79263245,13.95435301,14.07432739,18.23623689,22.92208732,25.53876339,25.28890995,27.49628697,33.88662917,49.15808302,19.47126663,30.23746291,19.56326668,12.66430831,11.60505925,18.23889309,31.93626219,28.05215845,23.95824296,23.62478532,38.98447803,54.72502953,28.83445013,36.25203347,47.88631186,32.82813624,34.2500657,38.15253403,39.16450455,45.48217691,29.01452468,32.34376057,39.65951997,60.35633523,44.1761935,38.35581218,35.74635119,34.47658153
40.09798733,41.55672419,44.44703734,46.48852908,41.7740692,36.96813974,37.69760164,47.49660133,80.69211178,49.42324555,45.33002041,39.03300649,30.35279433,28.943819,59.12180918,33.61599303,32.59332987,34.50270477,38.62047445,27.72102063,32.89517714,42.22188306,20.17524639,14.32247433,11.47172112,13.29604892,16.64921099,19.0879709,19.17312464,19.12912319,21.33425217,26.09322283,28.83716693,17.31155042,23.20728088,22.18483374,13.55713247,12.94361121,19.06345121,34.8062369,29.19849411,23.12495269,20.57007074,33.36458842,45.36523917,36.00372953,34.49322767,32.40878405,44.87397728,42.0876361,34.67191326,34.7541966,43.68487863,37.49857559,33.07756428,35.85054115,53.08626273,42.59396565,39.31657786,38.26020822,37.42971838
43.36894974,44.88496909,49.09645262,61.3188815,65.33013902,44.89285679,37.62247246,38.75395765,46.93474974,34.61708011,31.38671374,28.97763544,28.98093034,26.22265539,29.29870755,43.20751634,29.27173865,26.89439848,28.36658381,41.75388447,24.73777813,57.65176959,19.31279012,12.79491849,10.02483472,12.52415645,15.01392571,16.38421312,15.50700923,15.59153671,17.80391944,22.04770064,23.44318037,15.61104263,19.28326418,26.59878188,14.80066188,14.54203182,17.78605143,31.00442254,34.01442292,22.92907983,19.9472226,23.27693945,31.64667243,31.26332278,40.78637508,47.99408519,41.14169911,45.86080334,58.47003909,37.73855265,40.5231027,46.44307187,34.2687493,30.3417804,36.54021459,44.08773066,60.23449944,41.24491946,36.65954574
49.23350273,47.48165986,41.33786779,33.63870197,27.76961959,25.02433643,26.58661769,34.05373921,47.24293092,45.84077231,40.8983619,28.70698796,24.95738055,26.86751772,28.58105753,32.11937377,24.57084951,23.30977544,28.37578235,78.84953175,29.50334984,40.64835601,17.43952421,11.00705467,9.630165045,11.64963189,13.44035082,14.26627453,12.90246405,13.1230396,15.33785468,19.29701851,20.31612205,14.20954509,16.54154526,37.93371048,16.71979735,16.26244463,16.19535527,25.69496194,38.49572774,21.8901709,20.27051184,24.60117658,30.36048816,30.84707741,33.62810113,34.3944258,33.61907519,43.66045923,64.07208206,31.50575722,32.02156674,37.65405856,29.30384683,25.81263041,29.08571171,33.7273835,38.34145229,41.90600412,43.24523334
46.29246724,41.82665727,37.83216789,34.88405991,32.14848331,29.17758759,27.65160235,30.00063298,36.35178325,48.80263604,33.26007086,37.47331377,24.41613578,25.06936008,30.09472288,35.07378808,21.66881552,24.31575168,27.431713,36.33587539,33.29782604,24.02244747,14.33934479,9.458211442,8.900580237,10.68688278,12.04275119,12.4898408,10.86999318,11.24693687,13.4554567,17.21143052,18.17361211,13.03687819,14.45430338,32.85647237,19.9233634,18.16844367,15.75798912,21.11474133,35.20808021,22.22305508,20.47960087,29.46025644,33.9095468,39.46633178,34.21145897,28.88716266,27.63835683,43.28216474,42.51976665,32.09806662,26.05976444,28.40167582,29.96942254,32.02796103,35.95116342,43.9044876,65.58676072,72.82874572,51.92293318
40.73326866,35.93303391,31.12400054,27.70862865,26.21686836,26.0727588,26.13438321,27.80795105,33.55405794,36.60503279,30.54261022,24.11053375,21.36662506,23.38316582,26.5085395,30.55428826,21.2304907,24.73815667,31.83694563,34.00514482,22.4635788,16.07295887,11.33240389,8.257984366,7.862739296,9.790678769,10.84948281,10.9242979,9.20039162,9.753304078,11.94464816,15.53212861,16.58636491,12.07302951,12.8139897,24.78356619,26.41561581,20.89887556,16.1730156,17.40012091,29.80969049,25.38852216,22.69650252,27.5294188,47.45580527,28.4678159,26.69405056,24.47575463,22.88326372,29.90869809,33.57166956,29.90433799,29.19798947,30.96394864,29.36460156,30.17956867,40.23642843,45.05462003,44.69766333,52.77478344,39.95981068
68.5686676,44.32308215,34.53486167,28.32273298,25.57746313,27.3910896,31.45478116,30.26505752,28.09446233,26.12590343,23.85167713,23.35785196,22.73961069,22.45394177,24.16561204,25.15310986,21.14149203,23.37243086,33.92572088,24.62828811,17.11131958,11.69425109,9.074203022,7.267508791,6.845170368,9.087521404,9.825360645,9.503770781,7.789477363,8.531100657,10.6928765,14.12709596,15.35007305,11.31828379,11.5263398,20.74692308,38.17074611,26.14844533,17.5762128,15.32312294,25.64334627,32.2483621,25.24975767,24.20555328,60.40970423,21.78752192,22.24665108,23.94571308,25.52787406,30.76665826,31.68864504,35.91187892,37.40992668,35.3897278,28.59368959,26.42384747,33.55907829,66.22123097,48.14272917,35.31076523,32.9937444
47.30394638,37.00985195,29.86836095,24.65666016,22.13845352,25.73367698,44.67526539,47.63708395,56.70237085,47.30754136,36.83618566,32.79674424,28.57834856,24.71741385,24.49154055,31.18541867,22.00386349,19.64140167,24.73057152,19.17175382,14.00389056,9.64900256,7.489381007,6.423551555,6.272601954,8.605281464,8.925790724,8.205600452,6.581243465,7.514423935,9.633153517,12.91989863,14.3421637,10.77942684,10.52996023,17.92784782,22.12438167,58.68886221,20.54325206,15.41225302,22.36223112,45.16853002,25.83999922,19.80991447,32.36813846,20.54823324,19.17367431,20.84346207,24.26511523,23.70979517,23.40910178,31.8464452,43.50703474,42.40715749,39.19240811,32.04020432,34.20592444,36.19348948,34.52061346,32.91792656,32.31648928
39.85597665,40.52691299,45.15773841,58.5184059,40.63293165,34.97970359,35.35870424,76.85329508,38.11851573,39.18059676,39.93013283,30.84260704,28.38230542,25.62163998,27.63280106,29.89605376,21.89488349,20.19485668,20.74758595,16.75952569,11.83805453,8.409282379,6.306148419,5.597101507,6.115996592,8.250921755,8.112758835,7.029159493,5.542389554,6.660730642,8.722335552,11.86234925,13.48222326,10.44148704,9.777093262,15.59550037,16.61651733,26.02769874,27.47822541,16.96578282,19.55968107,52.40728206,29.19978497,20.39817113,23.75069887,28.90899913,21.3160403,19.34358361,21.03466886,19.24178771,20.26554175,28.39896288,50.11059718,37.97474701,46.10585509,39.21978603,29.7018447,26.56232714,26.66620933,28.0226898,29.54110227
41.60951339,46.53485644,49.16336291,36.28894637,32.23837551,33.3547818,45.208,43.80553197,48.40259822,45.67567899,38.72178947,31.92885898,27.38395256,29.03014314,29.09939291,26.848764,23.33901273,23.40911663,17.93024843,14.14040554,10.30041867,7.712874759,5.516501388,4.86350587,6.022065526,7.834924477,7.346087741,5.978142415,4.652320509,5.940701682,7.930978208,10.92215738,12.71442924,10.27102065,9.216817273,13.53746214,13.29624284,20.18880782,37.28179977,20.52988783,16.87846914,31.29114007,35.31224335,25.22582599,22.09114875,31.30117644,19.21356636,17.2978771,18.61401702,17.94911944,20.36269328,26.57897654,34.32198371,62.64144248,41.08045534,45.31778352,42.06891691,34.7138763,33.21153884,33.32903118,33.84328408
55.73262171,47.30589177,34.30983124,28.69302447,28.09898475,29.26849339,31.74730624,40.04351468,41.48845045,54.5968336,37.79872244,29.75371295,26.22194802,33.48069586,24.90368303,23.12712709,20.29531927,20.13315299,15.34787255,12.11892212,9.3088502,7.272989401,5.280664506,4.431309098,5.817366195,7.222771362,6.589726442,5.050903987,3.895561011,5.332960842,7.238073089,10.0766844,11.99893448,10.22589178,8.809863819,11.73610105,11.00590691,17.15310216,24.12032301,27.93112259,19.72041441,23.0584209,34.82924232,31.66848422,22.60244912,36.3626722,21.9411235,19.38069879,21.25903552,20.11040748,21.411056,24.61223795,27.33626105,36.26218292,70.71029939,44.14815041,37.00267063,45.86544059,40.62507419,34.07006947,31.85722474
39.64878432,40.71187654,50.21159796,41.44615526,35.20312661,35.31243563,40.15094679,46.26753257,48.10348527,50.90805158,30.05069305,28.79613811,26.14651596,26.87017714,20.49503713,20.50208569,17.91546817,16.13666165,12.51762587,10.18847798,8.298976284,6.838498124,5.293199785,4.531335959,5.48931809,6.445634301,5.826562548,4.238083931,3.258258025,4.821048745,6.628092169,9.309504386,11.30743694,10.25130212,8.523317715,10.21641435,9.294444545,15.06745854,19.62381795,38.2201536,28.29895858,30.23853757,29.58801339,41.92827686,25.25370854,26.88511672,28.16659849,21.21398975,21.76982847,21.16856197,19.68471721,20.00228508,24.49145901,34.62757561,57.03911991,54.85281876,40.5970602,35.91310061,34.56689157,34.51526116,34.79405651
29.24438158,27.4098525,25.39982916,24.55668578,25.72789394,28.60251754,29.37709655,30.00220225,35.01691131,43.44880016,25.32473598,25.16270495,26.84173693,26.91847607,24.53942883,21.53663046,15.53498103,13.86489953,10.27751732,8.520967803,7.354942836,6.454512451,5.413485384,4.766022029,5.116986905,5.607832355,5.052421999,3.523815062,2.728590941,4.391698792,6.089224737,8.608380265,10.62099687,10.28588754,8.336953817,9.001465639,7.956896122,13.11432721,16.25814154,22.97382633,32.14389378,38.79087011,28.95883538,57.50224131,33.11132767,27.31374373,34.07427804,23.16083633,24.77681036,26.58696953,21.1982895,18.3141548,19.99212971,23.54405941,25.76383921,28.73168782,31.3774565,29.39604124,27.29619285,26.4610519,26.4124647
27.10607131,26.08231654,25.31931632,26.15269316,29.571828,32.61112797,29.54483456,30.58505834,34.20917028,28.46933884,23.41863102,23.57513676,25.69424675,27.10496458,26.4543924,18.52506978,13.18614399,12.46323003,9.104898488,7.289678561,6.455372263,6.155554376,5.5344707,4.915808534,4.768530768,4.781821362,4.267578209,2.890855228,2.294171918,4.033768678,5.612272246,7.964007298,9.929603844,10.27031037,8.240760076,8.09619522,6.928583693,11.10568432,13.2508683,17.10489284,21.43668214,28.58956759,28.45341313,31.72320371,46.78505957,25.78955274,34.54629387,32.38320705,36.65875384,42.35610122,26.26531456,22.56396164,27.26760455,34.47424117,28.89053445,26.75808663,26.93851421,25.85576961,24.71727843,24.54175763,25.11321084
42.31357942,41.34988778,42.01960659,47.65825324,44.84998125,30.85080878,25.57299427,25.76537859,27.484137,25.38715244,23.07752621,22.50987177,23.36690702,22.78294115,18.63748485,13.49901663,11.03471027,10.10920825,7.983461899,6.351193875,5.658053334,5.954650019,5.575414672,4.979524628,4.470533602,4.001316123,3.476551844,2.324126144,1.942527588,3.737550768,5.189925998,7.36919739,9.230429695,10.16020061,8.219997137,7.503002284,6.229454893,9.337934001,10.92169944,13.67666243,16.76775873,22.87368973,44.54358657,34.58899084,43.11002978,29.29883352,33.42797456,47.54421883,45.0202859,47.75509483,39.72934123,28.68262315,30.68910402,36.05652984,31.77857751,30.7082103,32.28694671,32.80400826,31.89443082,31.27412695,31.52771009
32.87734844,31.17944028,29.33080259,28.34338411,28.50233051,27.73542798,26.93669193,28.38644613,29.40901843,25.2975394,21.79265018,19.72851395,18.15950015,16.6926606,14.87782965,12.51558145,10.22619065,8.499177727,7.227116601,5.797248724,5.212181348,5.970239707,5.593248979,4.987834987,4.162604645,3.27829983,2.700525709,1.815060707,1.663094112,3.494403311,4.816284496,6.818329153,8.525960719,9.929063155,8.261861142,7.158041397,5.864368082,8.116970419,9.385337572,11.48405373,13.4768938,18.05773489,22.73150162,26.99470295,31.86479233,39.04893303,42.97826449,41.75556527,76.47826755,42.49456329,58.29985996,29.14522018,28.75726008,46.92779443,33.29656133,52.60391549,35.25858796,31.6609112,31.12644442,31.52177772,32.15069947
31.4339785,33.1699147,36.773054,39.68860838,34.94653486,30.0713556,27.92131294,26.13056077,23.23407218,21.17260678,20.17172487,18.25501483,15.91247586,14.20251776,12.27235101,11.12254267,9.645895924,8.313139888,7.429842373,5.965225346,5.194784399,6.168141836,5.490179546,4.80215626,3.74326281,2.610916661,1.977600552,1.362531703,1.446283589,3.29670043,4.486517527,6.306964839,7.822106277,9.566208312,8.342738754,7.105572031,5.988638235,7.507321494,8.442420535,9.901031586,10.93357402,14.64279401,18.14449545,21.11377387,24.88076443,43.04639919,59.72612911,64.32851995,31.45529079,30.90062956,51.33712908,33.07453751,38.82283381,40.2992235,46.54218726,51.7777378,60.07015481,42.46092851,36.17224455,34.19306451,33.83517284
33.84253787,34.03981107,33.17771232,30.57991484,27.97287488,26.34707187,24.3506092,20.75455393,17.72155136,16.3000179,15.64991428,14.31093705,13.28385463,12.2188362,9.717418416,9.197967868,8.722562355,8.364423041,7.88283583,6.597439986,5.454951447,6.185344272,5.038939964,4.275989171,3.200492897,2.012271429,1.354093833,0.973130857,1.284950963,3.137566313,4.196627125,5.831578408,7.125858217,9.082856122,8.390903829,7.827765735,6.592784814,7.389731791,7.957830486,8.851330951,9.174631045,11.98411541,14.87061301,17.00712795,19.64033198,28.72199047,37.81404861,31.46718524,28.99202104,32.33970783,51.32123712,31.32151654,34.94262521,33.33841664,28.26840867,27.64399372,29.94692001,33.50191452,36.927979,38.78617191,38.98019864
32.25551151,30.49940971,27.96131054,25.05629283,22.12649475,19.56200145,17.83669877,16.7417313,15.05239724,13.16080025,11.92181539,10.93562199,10.35370051,9.504460829,8.607329557,9.119412247,8.740720946,8.245316661,7.899684758,7.079863436,5.680148589,5.825859053,4.383898198,3.526709654,2.635179144,1.517868805,0.870584547,0.657044047,1.17448747,3.010732439,3.943274159,5.389381059,6.444709347,8.498134911,8.32098284,8.419525744,7.28340995,7.649925752,8.015110009,8.438587701,8.088497922,9.614838473,11.68689752,13.2424883,14.34412555,18.06855141,21.24915158,21.05405842,26.38744776,46.82439797,34.88779491,31.47010901,29.84125733,26.64740811,24.25438362,28.16248849,33.92458873,39.73906441,42.95538488,43.9581438,44.80214352
25.00061855,25.05384519,24.21183611,21.81122759,18.70831581,16.30748114,15.22728999,14.3873055,12.21715968,10.40991764,9.974272248,9.812734026,9.323312173,8.671046327,8.807907266,9.334874727,9.187092293,8.098472133,7.761934351,7.093268236,5.555117889,5.240518506,3.831231247,2.795977292,2.164061104,1.159934863,0.550372379,0.424669763,1.112381309,2.910606272,3.723650173,4.978162171,5.786279208,7.841500372,8.055984038,8.536041875,7.771175618,8.26591411,8.687394468,8.469790768,7.396908733,8.035521369,9.977865847,11.65440454,11.98258893,13.61945021,15.6589208,16.05186979,19.51464466,23.93285849,27.81098376,49.46423052,32.82184099,31.4846081,30.59056558,27.61129309,25.77800611,27.30422497,32.04162031,39.27263309,52.28399978
23.28929368,23.17298999,22.46472173,20.68149343,18.35733434,16.49824222,15.21040693,13.45434398,11.19259484,9.840152831,9.603934711,9.226969986,8.817010536,8.707734973,8.498096632,8.32692436,8.788000421,7.770824365,7.660684312,6.665901545,5.17281397,4.521946858,3.306410136,2.172301534,1.831926218,0.947841404,0.396094108,0.283345647,1.097838532,2.832973171,3.535381074,4.596156922,5.157359536,7.142481854,7.603140832,8.209925489,7.933305541,9.193514781,9.771967563,8.474183924,7.035441293,7.692532069,9.724751391,11.17039997,11.34565977,12.25847194,13.91525742,14.67894299,16.13380135,18.24233413,21.02378499,31.12458876,33.69574051,34.40145446,46.74115566,38.759094,29.89062119,25.54516331,24.26416006,26.53325283,30.94442433
23.75079371,23.40046673,22.45335619,20.72350222,18.77921713,17.30966988,16.2105976,14.519689,12.43778561,10.89304519,9.887975419,9.434650793,9.243192371,8.781030234,8.078238185,7.880068198,7.858291717,6.773602445,6.612353788,5.589363901,4.562777599,3.794136926,2.569817461,1.607617224,1.608747116,0.869626247,0.392738519,0.236185436,1.131581037,2.77456385,3.376453625,4.241955817,4.562702052,6.425484625,7.023707041,7.563060185,7.729340947,10.13392123,11.07039705,8.943098185,7.113999752,8.31856458,9.82252144,10.23622504,10.56002566,12.05353114,13.88540002,14.66397665,14.49964317,17.45724037,24.73380308,44.11221748,37.32273248,47.40364656,37.39595142,32.64149191,31.63231012,31.84392753,33.12829665,35.4465615,38.4891179
24.31879366,23.49152515,22.39776834,21.74654031,22.54075039,24.35755647,20.89207773,16.32800398,13.88243593,12.21597791,10.72614377,10.07546079,9.290203252,8.165523677,7.735700343,7.474947117,6.444955111,5.415721852,4.792198236,4.09585634,3.887508972,3.229191344,1.751623508,1.135372405,1.453556605,0.907250413,0.514020226,0.282232664,1.214131423,2.732670798,3.24515855,3.91443456,4.00618109,5.709667073,6.380684401,6.748614461,7.187949872,10.31885124,11.65326196,9.35241611,7.822031136,9.154464583,9.856279372,9.522267185,10.14400484,13.19422357,14.81687978,13.87189588,14.39416527,17.516157,23.88350078,38.329387,40.45648199,51.49751039,28.58196838,23.80227107,22.72154797,23.17542974,24.13375216,25.13607067,25.9849165
23.85224191,23.8807611,24.28439754,25.41103761,25.68704087,22.09977995,18.15920627,15.90989082,14.33814354,12.30777479,10.72657306,9.765898399,8.60593917,7.514068055,6.927726111,6.041406912,5.113823427,4.480135933,3.567863667,3.135963443,3.349703901,2.89209474,1.23621945,0.93772646,1.393037021,1.050285177,0.731045064,0.418140285,1.345616745,2.705285861,3.140045911,3.612699993,3.491039015,5.007491705,5.715220513,5.872598802,6.39737862,9.356642612,10.7641766,9.152646785,8.339021595,9.759072418,10.6220411,10.5289936,11.4218894,14.83234991,15.48407018,14.1943391,16.49160169,19.6563273,25.65878825,37.57620643,42.63748331,29.07397507,25.71819193,25.41712414,25.05054367,24.07915606,23.43361079,23.32114431,23.51262855
26.09831271,25.93657348,25.38916445,24.15010339,22.08650352,19.32132909,16.38581994,14.04104909,12.49731332,11.12165697,9.611346014,8.456054203,7.57455883,6.771321165,6.172648969,5.30359114,4.550452521,3.807569236,3.072914616,2.978534863,3.224704637,2.817425548,1.257864001,1.174290289,1.515937577,1.29789999,1.020345266,0.640134543,1.524872823,2.691916903,3.059889691,3.336048594,3.019224994,4.326999433,5.047462591,4.993056404,5.466774417,7.743976454,8.929058393,8.212680164,7.627358771,8.861481311,10.21686062,11.83486982,12.91575857,13.92740452,14.38619929,14.99001352,19.3207982,24.17332533,24.77952259,25.2315854,24.19676507,20.06942944,19.42078672,20.56367439,21.27093594,21.14762025,21.05196839,21.21040053,21.44772394
